City_ID,City,Lat,Lng,Max Temp,Humidity,Cloudiness,Wind Speed,Country,Date
0,lerwick,60.1545,-1.1494,4.68,74,9,2.37,GB,1739160484
1,kirakira,-10.4544,161.9205,29.54,68,63,3.8,SB,1739160485
2,adam,22.3756,57.5233,20.23,56,0,1.05,OM,1739160486
3,berea,41.3662,-81.8543,-3.01,68,100,5.14,US,1739160488
4,isafjordur,66.0755,-23.124,0.8,99,100,2.08,IS,1739160489
5,mboursou lere,9.7639,14.1539,23.91,18,59,1.87,TD,1739160490
6,tandil,-37.3217,-59.1332,16.85,72,100,5.29,AR,1739160492
7,arraial do cabo,-22.9661,-42.0278,23.69,92,94,5.98,BR,1739160493
8,awjilah,29.1081,21.2869,7.7,66,0,3.07,LY,1739160494
9,alofi,-19.0595,-169.9187,29.94,74,20,4.12,NU,1739160495
10,shihezi,44.3,86.0333,-6.86,70,98,1.62,CN,1739160497
11,okola,4.0167,11.3833,21.55,92,89,1.63,CM,1739160498
12,egilsstadir,65.2653,-14.3948,1.68,89,100,5.04,IS,1739160499
13,fort bragg,35.139,-79.006,12.12,87,100,5.14,US,1739160501
14,jamestown,42.097,-79.2353,-5.2,93,100,4.63,US,1739160502
15,magadan,59.5667,150.8,-20.61,75,0,2.83,RU,1739160503
16,paciran,-6.8767,112.3761,29.44,71,80,5.94,ID,1739160504
17,enewetak,11.3474,162.3373,27.12,76,72,7.62,MH,1739160506
18,tolanaro,-25.0319,46.9987,26.1,83,5,3.03,MG,1739160507
19,grand-lahou,5.1367,-5.0242,26.28,89,99,2.24,CI,1739160508
20,petropavlovsk-kamchatsky,53.0452,158.6483,1.33,41,75,1.0,RU,1739160509
21,ancud,-41.8697,-73.8203,13.81,76,81,8.18,CL,1739160511
22,chui,-33.6971,-53.4616,20.99,87,19,3.21,UY,1739160512
23,donsol,12.9055,123.5949,23.73,94,100,4.57,PH,1739160513
24,colonia,50.9333,6.95,1.7,86,98,1.03,DE,1739160514
25,tchibanga,-2.85,11.0333,22.9,97,98,0.29,GA,1739160516
26,bakshwaho,24.25,79.3,24.21,22,1,1.43,IN,1739160517
27,vyazemskiy,47.5378,134.7525,-11.12,81,100,3.89,RU,1739160518
28,tanjung pandan,-2.75,107.65,28.56,73,100,5.46,ID,1739160322
29,bilibino,68.0546,166.4372,-22.81,97,100,1.5,RU,1739160521
30,malango,-2.9627,119.9001,29.88,49,100,2.17,ID,1739160522
31,sanming,26.2486,117.6186,15.51,37,60,0.67,CN,1739160523
32,geraldton,-28.7667,114.6,27.23,47,20,4.63,AU,1739160525
33,nova londrina,-22.7658,-52.985,24.07,69,8,2.58,BR,1739160526
34,cuyo,10.8525,121.0086,27.41,80,100,5.46,PH,1739160527
35,adh dhibiyah,24.5014,45.9686,9.94,40,1,2.33,SA,1739160528
36,port augusta,-32.5,137.7667,35.46,20,0,4.62,AU,1739160530
37,polyarnyy,69.1989,33.4478,-1.12,76,53,15.12,RU,1739160531
38,marang,5.2056,103.2059,27.33,64,85,2.2,MY,1739160532
39,luwuk,-0.9516,122.7875,29.94,63,100,1.43,ID,1739160533
40,batang,-6.4846,110.7083,27.7,81,86,6.27,ID,1739160356
41,sherbakul',54.6316,72.3963,-5.81,92,100,6.64,RU,1739160536
42,wesel,51.6667,6.6167,1.7,82,100,5.12,DE,1739160537
43,aasiaat,68.7098,-52.8699,-20.42,95,99,3.67,GL,1739160538
44,tual,-5.6667,132.75,28.61,83,100,8.1,ID,1739160447
45,laguna,38.421,-121.4238,7.75,70,0,1.54,US,1739160541
46,tura,25.5198,90.2201,23.05,26,0,1.78,IN,1739160542
47,puerto ayora,-0.7393,-90.3518,25.86,94,100,1.12,EC,1739160543
48,cabugao,17.7931,120.4578,28.83,47,0,1.94,PH,1739160544
49,arauca,7.0847,-70.7591,27.98,65,62,1.34,CO,1739160357
50,bonthe,7.5264,-12.505,24.25,92,6,2.08,SL,1739160547
51,tecate,32.5667,-116.6333,10.75,50,100,1.54,MX,1739160505
52,alo,6.5486,4.2686,25.95,91,90,1.5,NG,1739160550
53,bandarbeyla,9.4942,50.8122,23.87,78,91,4.1,SO,1739160551
54,shenjiamen,29.9576,122.298,6.27,52,1,2.37,CN,1739160552
55,puerto colombia,10.9878,-74.9547,26.05,83,100,12.3,CO,1739160553
56,cukai,4.25,103.4167,27.91,61,82,3.97,MY,1739160554
57,nemuro,43.3236,145.575,-1.52,68,100,6.08,JP,1739160556
58,puerto aysen,-45.4,-72.7,9.22,99,99,2.98,CL,1739160557
59,las tablas,7.7667,-80.2833,23.99,99,95,7.35,PA,1739160558
60,sibay,52.7181,58.6658,-10.84,93,0,1.38,RU,1739160559
61,wagar,16.1525,36.2032,18.04,74,46,2.39,SD,1739160561
62,greymouth,-42.4667,171.2,19.63,72,100,3.52,NZ,1739160562
63,aztec,36.8222,-107.9929,4.56,74,100,1.04,US,1739160563
64,sambava,-14.2667,50.1667,25.43,89,74,1.75,MG,1739160465
65,ilulissat,69.2167,-51.1,-14.99,78,100,3.09,GL,1739160566
66,fort mcmurray,56.7268,-111.381,-34.28,99,44,0.94,CA,1739160567
67,oeiras do para,-2.0031,-49.8544,22.88,98,100,0.33,BR,1739160568
68,katsuura,35.1333,140.3,7.57,49,76,4.36,JP,1739160557
69,jijiga,9.35,42.8,17.71,62,20,1.31,ET,1739160571
70,buhe,30.2876,112.2298,10.35,41,9,3.51,CN,1739160572
71,chenghua,23.4613,116.7701,15.53,32,1,2.57,CN,1739160478
72,edinburgh of the seven seas,-37.0676,-12.3116,16.41,81,8,6.2,SH,1739160574
73,san giovanni valdarno,43.5667,11.5333,4.17,98,26,0.45,IT,1739160576
74,troitsko-pechorsk,62.7084,56.1964,-8.49,90,24,3.53,RU,1739160577
75,myrina,39.8797,25.0742,4.58,60,75,6.17,GR,1739160578
76,kavadarci,41.4331,22.0119,-0.06,87,18,0.27,MK,1739160579
77,mallawi,27.7314,30.8417,10.54,70,53,3.71,EG,1739160581
78,inhambane,-23.865,35.3833,26.46,86,63,1.95,MZ,1739160582
79,ta`u,-14.2336,-169.5144,28.95,74,24,6.18,AS,1739160583
80,yellowknife,62.456,-114.3525,-31.18,100,88,2.5,CA,1739160584
81,shalqar,47.8333,59.6,-12.78,84,9,4.05,KZ,1739160586
82,midland,31.9974,-102.0779,5.14,57,75,4.12,US,1739160468
83,mount pearl,47.5166,-52.7813,-2.7,95,100,13.38,CA,1739160317
84,roses,42.262,3.1769,7.84,90,96,1.7,ES,1739160589
85,lepsy,46.235,78.9456,-12.9,87,5,5.38,KZ,1739160591
86,ghat,24.9647,10.1728,10.13,44,0,1.17,LY,1739160592
87,hawaiian paradise park,19.5933,-154.9731,23.26,79,75,3.6,US,1739160593
88,tortoli,39.9256,9.6572,11.19,84,14,0.89,IT,1739160594
89,kapa'a,22.0752,-159.319,24.71,72,0,1.54,US,1739160596
90,opuwo,-18.0607,13.84,23.08,58,73,0.51,NA,1739160597
91,punta arenas,-53.15,-70.9167,10.06,76,75,4.12,CL,1739160522
92,blackmans bay,-43.0167,147.3167,19.18,58,19,4.99,AU,1739160600
93,nago,26.5881,127.9761,16.75,50,23,2.72,JP,1739160601
94,namtsy,62.7161,129.6658,-28.71,92,100,1.64,RU,1739160602
95,katsuren-haebaru,26.3369,127.8719,18.21,51,75,2.57,JP,1739160545
96,marsh harbour,26.5412,-77.0636,22.69,81,0,3.66,BS,1739160605
97,harar,9.3094,42.1258,16.32,63,58,0.56,ET,1739160446
98,brookings,44.3114,-96.7984,-13.86,83,100,2.57,US,1739160495
99,sur,22.5667,59.5289,22.25,68,0,1.39,OM,1739160608
100,beberibe,-4.1797,-38.1306,25.36,88,100,4.98,BR,1739160610
101,sarangani,5.4033,125.4636,27.53,84,61,10.68,PH,1739160611
102,chernomorskoye,45.5039,32.6997,-1.08,79,76,6.94,UA,1739160612
103,shalkar,47.8288,59.6258,-12.53,83,10,4.14,KZ,1739160613
104,margate,51.3813,1.3862,4.93,82,100,1.79,GB,1739160497
105,reyes,-14.3167,-67.3833,22.83,98,97,1.0,BO,1739160616
106,taltal,-25.4,-70.4833,19.64,91,48,1.94,CL,1739160617
107,nantucket,41.2835,-70.0995,-1.94,86,100,3.43,US,1739160328
108,ilhabela,-23.7781,-45.3581,24.08,90,99,2.02,BR,1739160620
109,ust-nera,64.5667,143.2,-34.42,96,61,1.5,RU,1739160621
110,statesboro,32.4488,-81.7832,17.89,94,0,0.0,US,1739160622
111,ambodifotatra,-16.9833,49.85,26.99,83,14,2.88,MG,1739160623
112,saltillo,25.4167,-101.0,16.27,55,0,4.92,MX,1739160330
113,thames,-37.1333,175.5333,21.8,79,100,2.13,NZ,1739160626
114,ternate,0.8,127.4,29.07,72,85,4.56,ID,1739160402
115,coronel suarez,-37.4547,-61.9334,22.32,59,4,4.7,AR,1739160628
116,port-aux-francais,-49.35,70.2167,8.31,94,86,16.53,TF,1739160629
117,ribeira grande,38.5167,-28.7,13.76,84,75,4.47,PT,1739160631
118,luderitz,-26.6481,15.1594,16.66,72,0,9.26,NA,1739160632
119,qamdo,31.1667,97.2333,-1.98,53,97,2.52,CN,1739160633
120,trincomalee,8.5711,81.2335,26.48,68,100,4.67,LK,1739160634
121,luganville,-15.5333,167.1667,29.78,74,79,2.7,VU,1739160636
122,mersing,2.4312,103.8405,26.95,71,100,5.57,MY,1739160637
123,syumsi,57.1111,51.6149,-10.38,100,100,1.21,RU,1739160638
124,alice springs,-23.7,133.8833,39.75,12,90,7.72,AU,1739160401
125,port alfred,-33.5906,26.891,17.88,100,100,5.26,ZA,1739160641
126,port mathurin,-19.6833,63.4167,27.53,81,36,5.4,MU,1739160642
127,thompson,55.7435,-97.8558,-25.9,95,100,2.5,CA,1739160643
128,yorkton,51.2167,-102.4677,-22.33,85,50,6.42,CA,1739160644
129,eldorado,-23.7869,-54.2836,24.12,71,0,2.25,BR,1739160646
130,wuhai,39.6647,106.8122,0.57,28,0,6.36,CN,1739160647
131,pikalevo,59.5183,34.1664,-14.13,99,75,0.92,RU,1739160648
132,hithadhoo,-0.6,73.0833,27.97,72,27,4.03,MV,1739160650
133,sodra sandby,56.5667,16.6167,1.61,78,96,6.48,SE,1739160652
134,pisco,-13.7,-76.2167,23.03,88,100,2.06,PE,1739160590
135,beloyarskiy,63.7119,66.6722,-12.55,97,89,1.61,RU,1739160655
136,labrador city,52.9463,-66.9114,-33.67,100,51,1.38,CA,1739160656
137,codrington,-38.2667,141.9667,24.1,54,90,8.91,AU,1739160657
138,fale old settlement,-9.3852,-171.2468,28.89,71,68,4.92,TK,1739160658
139,pitimbu,-7.4706,-34.8086,26.87,71,100,4.5,BR,1739160660
140,porto novo,6.4965,2.6036,25.99,89,100,1.84,BJ,1739160661
141,iskateley,67.6803,53.1512,-5.05,91,100,8.04,RU,1739160662
142,itaueira,-7.6033,-43.0256,23.9,63,95,1.85,BR,1739160664
143,waitangi,-43.9535,-176.5597,17.68,91,83,1.79,NZ,1739160665
144,olyokminsk,60.3736,120.4264,-25.96,96,79,0.88,RU,1739160666
145,westport,41.1415,-73.3579,-1.03,82,0,1.54,US,1739160667
146,novodvinsk,64.4165,40.8122,-5.14,90,99,4.77,RU,1739160669
147,tarnogskiy gorodok,60.4997,43.5761,-13.59,99,74,1.89,RU,1739160670
148,kobelyaky,49.1489,34.1965,-6.74,87,6,2.48,UA,1739160671
149,les avirons,-21.2418,55.3394,27.43,74,0,2.06,RE,1739160672
150,greenville,35.6127,-77.3663,7.29,74,100,4.63,US,1739160635
151,oyama,36.3,139.8,9.19,19,2,4.22,JP,1739160598
152,talnakh,69.4865,88.3972,-16.86,97,100,5.28,RU,1739160519
153,atafu village,-8.5421,-172.5159,28.49,74,9,5.05,TK,1739160677
154,estevan,49.1334,-102.9842,-22.66,96,67,3.58,CA,1739160678
155,el hadjira,32.6134,5.5126,11.27,40,0,2.54,DZ,1739160680
156,nadi,-17.8,177.4167,30.0,74,75,3.6,FJ,1739160681
157,beitbridge,-22.2167,30.0,23.64,88,100,8.99,ZW,1739160683
158,homer,59.6425,-151.5483,3.94,60,0,6.17,US,1739160463
159,port lincoln,-34.7333,135.8667,23.23,60,0,4.48,AU,1739160685
160,longyearbyen,78.2186,15.6401,-8.09,62,40,7.72,SJ,1739160686
161,barcelos,41.5388,-8.6151,10.91,94,89,1.48,PT,1739160688
162,kurchatov,51.6601,35.6521,-8.0,94,100,2.9,RU,1739160689
163,nova vicosa,-17.8919,-39.3719,24.57,86,100,1.84,BR,1739160690
164,pundong,-7.9522,110.3486,29.63,65,100,4.88,ID,1739160691
165,laojunmiao,39.8333,97.7333,-1.44,36,0,3.67,CN,1739160442
166,el sauzal de rodriguez,31.9,-116.6833,11.34,94,100,1.71,MX,1739160694
167,nurabad,34.0734,47.9725,-9.73,96,68,2.05,IR,1739160695
168,iqaluit,63.7506,-68.5145,-24.06,69,98,1.79,CA,1739160697
169,avarua,-21.2078,-159.775,30.03,74,40,2.06,CK,1739160698
170,as sulayyil,20.4607,45.5779,12.7,42,27,3.68,SA,1739160699
171,escarcega,18.6089,-90.7454,23.13,70,100,1.19,MX,1739160701
172,al abyar,32.19,20.5965,6.23,79,7,3.47,LY,1739160440
173,tara,56.8944,74.371,-3.73,95,100,3.7,RU,1739160703
174,remire-montjoly,4.9167,-52.2667,25.02,94,75,1.54,GF,1739160704
175,taksimo,56.3444,114.8794,-28.02,87,79,0.95,RU,1739160705
176,lebu,-37.6167,-73.65,16.68,89,99,4.44,CL,1739160707
177,magsaysay,6.7667,125.1833,30.86,62,88,4.39,PH,1739160708
178,buala,-8.145,159.5921,30.13,62,86,2.02,SB,1739160709
179,weno,7.4515,151.8468,27.97,83,100,4.63,FM,1739160710
180,tazovsky,67.4667,78.7,-3.44,95,100,7.32,RU,1739160712
181,sitka,57.0531,-135.33,0.3,83,91,1.61,US,1739160415
182,ampanihy,-24.7,44.75,24.28,92,27,0.96,MG,1739160714
183,east london,-33.0153,27.9116,19.7,85,100,4.58,ZA,1739160715
184,port isabel,26.0734,-97.2086,22.23,91,0,3.6,US,1739160716
185,mayo-belwa,9.05,12.05,21.95,22,9,0.97,NG,1739160718
186,sultanah,24.4926,39.5857,14.25,30,0,2.06,SA,1739160719
187,bom jesus,-9.0744,-44.3586,22.26,72,83,0.19,BR,1739160720
188,vorgashor,67.5833,63.95,-7.84,93,100,7.94,RU,1739160721
189,arzgir,45.3728,44.2206,-4.99,62,80,2.56,RU,1739160723
190,balcarce,-37.8462,-58.2552,14.9,95,95,2.68,AR,1739160724
191,icod de los vinos,28.3724,-16.7119,15.26,66,0,1.03,ES,1739160725
192,coquimbo,-29.9533,-71.3436,18.85,77,20,1.54,CL,1739160726
193,de aar,-30.6497,24.0123,15.99,74,0,5.11,ZA,1739160728
194,jutai,-5.1833,-68.9,22.53,99,100,0.09,BR,1739160729
195,kovdor,67.5662,30.4758,-3.97,79,51,6.6,RU,1739160730
196,cannonvale,-20.2833,148.7,26.66,85,100,5.05,AU,1739160731
197,san patricio,28.017,-97.5169,21.97,93,0,2.78,US,1739160733
198,baie-comeau,49.2168,-68.1489,-18.56,86,100,2.24,CA,1739160734
199,taroa,8.7058,171.2275,27.59,77,69,3.58,MH,1739160735
200,chibougamau,49.9168,-74.3659,-20.31,100,100,1.0,CA,1739160736
201,quatre cocos,-20.2078,57.7625,29.49,72,37,1.84,MU,1739160737
202,port-saint-louis-du-rhone,43.3833,4.8,9.13,93,75,2.57,FR,1739160739
203,hermanus,-34.4187,19.2345,16.0,68,7,5.83,ZA,1739160740
204,bandiagara,14.3501,-3.6104,24.16,14,2,4.6,ML,1739160741
205,tazacorte,28.629,-17.9293,14.54,85,0,3.58,ES,1739160742
206,praia da vitoria,38.7333,-27.0667,14.17,85,72,8.77,PT,1739160744
207,howrah,22.5892,88.3103,25.0,61,0,1.54,IN,1739160745
208,nyurba,63.2842,118.3319,-21.33,95,100,1.98,RU,1739160746
209,chak azam sahu,30.75,73.0333,20.63,14,90,0.62,PK,1739160748
210,plouzane,48.3833,-4.6167,3.03,93,40,2.06,FR,1739160749
211,pula,44.8683,13.8481,9.31,93,100,2.57,HR,1739160750
212,robore,-18.3333,-59.75,23.83,67,71,1.2,BO,1739160751
213,viedma,-40.8135,-62.9967,19.89,72,3,7.34,AR,1739160507
214,uturoa,-16.7333,-151.4333,28.16,68,20,2.37,PF,1739160754
215,aripuana,-9.1667,-60.6333,22.89,97,100,0.75,BR,1739160755
216,poronaysk,49.2167,143.1167,-6.37,74,100,3.05,RU,1739160756
217,nguigmi,14.2495,13.1092,20.26,21,4,5.68,NE,1739160758
218,at taj,24.2049,23.2857,8.6,57,1,4.69,LY,1739160759
219,kerikeri,-35.2268,173.9474,18.67,93,99,1.66,NZ,1739160760
220,sinabang,2.4803,96.3801,29.84,66,37,0.6,ID,1739160761
221,walvis bay,-22.9575,14.5053,17.48,81,58,2.7,NA,1739160762
222,massawa,15.6097,39.45,23.93,75,99,4.18,ER,1739160764
223,concordia,-31.393,-58.0209,29.88,53,3,2.68,AR,1739160702
224,selfoss,63.9331,-20.9971,6.69,87,100,9.91,IS,1739160766
225,yeniseysk,58.4497,92.1703,-7.5,93,100,4.31,RU,1739160767
226,ponta delgada,37.7333,-25.6667,15.4,82,40,8.23,PT,1739160769
227,capao da canoa,-29.7456,-50.0097,23.59,84,0,3.54,BR,1739160770
228,khandyga,62.6667,135.6,-31.57,92,52,0.31,RU,1739160737
229,sovetskaya gavan',48.9723,140.2878,-5.45,66,100,1.92,RU,1739160773
230,sa'dah,16.9402,43.7639,11.35,51,1,0.93,YE,1739160774
231,belmonte,-15.8631,-38.8828,23.69,89,75,2.13,BR,1739160775
232,takum,7.2667,9.9833,23.17,22,7,0.11,NG,1739160776
233,ofunato,39.0717,141.7167,2.03,58,30,8.84,JP,1739160778
234,whitehorse,60.7161,-135.0538,-19.57,83,20,1.03,CA,1739160779
235,middelburg,-25.7751,29.4648,16.39,90,5,4.57,ZA,1739160780
236,kralendijk,12.15,-68.2667,25.99,83,20,5.14,BQ,1739160781
237,san antonio de pale,-1.4014,5.6325,27.4,81,100,3.59,GQ,1739160783
238,oranjemund,-28.55,16.4333,15.21,93,23,5.92,NA,1739160784
239,invercargill,-46.4,168.35,16.68,58,37,4.47,NZ,1739160785
240,amga,60.8953,131.9608,-27.04,90,63,0.44,RU,1739160787
241,pingzhuang,42.0372,119.2889,-4.84,41,1,1.7,CN,1739160788
242,utrik,11.2278,169.8474,26.78,82,19,7.3,MH,1739160789
243,chonchi,-42.6128,-73.8092,14.51,79,73,4.92,CL,1739160790
244,bikenibeu village,1.3673,173.1241,29.98,66,20,4.12,KI,1739160792
245,namasuba,0.6894,32.4214,16.9,90,42,0.81,UG,1739160793
246,conduaga,8.862,117.4893,30.04,68,81,0.33,PH,1739160794
247,cabedelo,-6.9811,-34.8339,24.37,72,100,5.02,BR,1739160674
248,auki,-8.7676,160.7034,30.84,59,49,4.13,SB,1739160796
249,bandar-e anzali,37.4727,49.4622,2.06,75,93,1.95,IR,1739160798
250,cabo san lucas,22.8909,-109.9124,21.17,40,0,1.54,MX,1739160799
251,gaspe,48.8334,-64.4819,-13.14,87,100,2.92,CA,1739160800
252,san mariano,7.5,126.0,23.56,97,100,0.95,PH,1739160802
253,farmville,37.3021,-78.3919,5.13,69,86,2.52,US,1739160781
254,klyuchi,52.2667,79.1667,-8.37,95,100,5.12,RU,1739160804
255,venice,27.0998,-82.4543,20.56,88,2,2.76,US,1739160613
256,prince rupert,54.3161,-130.3201,-2.04,81,50,1.76,CA,1739160807
257,st. john's,47.5649,-52.7093,-2.24,95,100,15.2,CA,1739160808
258,bel ombre,-4.6167,55.4167,26.78,75,94,4.94,SC,1739160809
259,tambopata,-12.7333,-69.1833,22.84,97,90,0.99,PE,1739160811
260,bandon,51.7469,-8.7425,6.77,88,100,5.53,IE,1739160812
261,la ronge,55.1001,-105.2842,-26.1,92,100,5.22,CA,1739160813
262,papatowai,-46.5619,169.4708,14.7,58,67,4.61,NZ,1739160814
263,tralee,52.2704,-9.7026,4.99,93,100,3.82,IE,1739160816
264,taoudenni,22.6783,-3.9836,13.87,20,0,4.7,ML,1739160817
265,sisimiut,66.9395,-53.6735,-20.44,97,94,2.45,GL,1739160818
266,hamilton,39.1834,-84.5333,0.79,79,40,3.09,US,1739160353
267,tamanrasset,22.785,5.5228,13.95,24,0,1.03,DZ,1739160821
268,georgetown,5.4112,100.3354,30.96,58,20,2.06,MY,1739160822
269,caconda,-13.7333,15.0667,15.89,98,100,2.35,AO,1739160823
270,san sebastian de la gomera,28.0916,-17.1133,16.2,77,0,1.03,ES,1739160824
271,carnarvon,-24.8667,113.6333,27.13,61,78,7.6,AU,1739160825
272,cherdyn',60.403,56.4787,-3.72,92,100,2.81,RU,1739160827
273,malabar,-33.9667,151.25,21.18,83,75,5.14,AU,1739160828
274,piton saint-leu,-21.2196,55.3151,27.44,74,0,2.06,RE,1739160829
275,wailua homesteads,22.0669,-159.378,23.96,72,0,1.54,US,1739160831
276,new norfolk,-42.7826,147.0587,19.84,34,2,3.74,AU,1739160832
277,minas de marcona,-15.2119,-75.1103,18.23,91,99,1.99,PE,1739160833
278,puerto natales,-51.7236,-72.4875,7.89,94,100,1.99,CL,1739160834
279,la passe,45.5549,-0.8967,10.04,95,100,3.22,FR,1739160835
280,saint-pierre,-21.3393,55.4781,27.82,74,0,2.06,RE,1739160837
281,nereta,56.2066,25.313,-6.67,92,5,1.33,LV,1739160838
282,callao,-12.0667,-77.15,25.95,83,75,4.12,PE,1739160789
283,ambovombe,-25.1667,46.0833,25.5,84,9,1.62,MG,1739160840
284,severo-yeniseyskiy,60.3725,93.0408,-10.83,94,100,4.25,RU,1739160842
285,acarau,-2.8856,-40.12,25.56,84,100,5.1,BR,1739160843
286,saynshand,44.8824,110.1163,-12.08,67,35,6.31,MN,1739160844
287,albany,42.6001,-73.9662,-2.77,80,35,0.45,US,1739160783
288,holualoa,19.6228,-155.9522,22.53,76,26,1.71,US,1739160847
289,igarka,67.4667,86.5833,-11.47,96,100,4.61,RU,1739160848
290,nikolayevsk-on-amure,53.1406,140.73,-8.33,74,100,1.68,RU,1739160849
291,pandan,14.0453,124.1694,24.79,91,100,8.06,PH,1739160850
292,argostolion,38.1811,20.489,5.97,57,0,3.53,GR,1739160852
293,nurpur,29.15,78.4167,20.04,19,3,2.65,IN,1739160853
294,yuto,-23.6434,-64.4719,27.08,48,31,0.84,AR,1739160854
295,manado,1.487,124.8455,32.43,66,40,2.06,ID,1739160855
296,erdek,40.3996,27.7935,3.27,94,100,8.6,TR,1739160857
297,ploneour-lanvern,47.9,-4.2833,2.18,87,0,3.09,FR,1739160858
298,al qanayat,30.6188,31.461,10.32,73,43,2.85,EG,1739160859
299,gebeit,21.0667,36.3167,12.04,85,58,2.28,SD,1739160860
300,waimea,20.0231,-155.6717,19.14,93,82,0.45,US,1739160729
301,garoowe,8.4054,48.4845,18.62,89,65,3.44,SO,1739160863
302,kuanda,56.3161,116.0806,-29.2,94,80,0.74,RU,1739160864
303,"laikit, laikit ii (dimembe)",1.4792,124.9735,30.47,66,40,2.06,ID,1739160865
304,kruisfontein,-34.0033,24.7314,17.6,76,100,0.71,ZA,1739160867
305,langtoucun,40.0261,124.3286,-4.38,36,56,1.34,CN,1739160868
306,pittsburg,38.028,-121.8847,8.29,66,0,1.34,US,1739160596
307,grytviken,-54.2811,-36.5092,2.81,78,86,3.0,GS,1739160870
308,kalamata,37.0389,22.1142,5.87,56,40,6.69,GR,1739160872
309,nadym,65.5333,72.5167,-10.08,89,92,5.24,RU,1739160873
310,al 'aziziyah,32.9058,45.0616,6.87,68,2,0.79,IQ,1739160874
311,khouribga,32.9333,-6.6,8.81,64,23,1.55,MA,1739160875
312,ust'-ilimsk,58.0006,102.6619,-11.1,91,100,4.24,RU,1739160736
313,hasaki,35.7333,140.8333,7.69,31,61,2.78,JP,1739160878
314,saldanha,-33.0117,17.9442,16.47,80,0,5.58,ZA,1739160879
315,afaahiti,-17.75,-149.2833,26.65,69,6,1.58,PF,1739160881
316,shchigry,51.8755,36.9043,-9.34,97,99,2.82,RU,1739160882
317,badger,64.8,-147.5333,-18.34,82,0,0.0,US,1739160883
318,shimoda,34.6667,138.95,9.03,41,2,6.69,JP,1739160884
319,rio grande,-32.035,-52.0986,23.56,86,0,3.67,BR,1739160886
320,bay roberts,47.5999,-53.2648,-2.75,96,100,9.83,CA,1739160887
321,queenstown,-31.8976,26.8753,14.76,90,100,2.04,ZA,1739160614
322,elgin,42.0373,-88.2812,-4.99,59,0,3.09,US,1739160889
323,mar del plata,-38.0023,-57.5575,19.91,86,0,3.6,AR,1739160273
324,visby,57.6409,18.296,0.12,80,100,4.12,SE,1739160795
325,houghton,47.1219,-88.569,-8.47,69,99,3.58,US,1739160893
326,bougouni,11.417,-7.479,23.48,15,14,2.01,ML,1739160894
327,tebingtinggi,3.3285,99.1625,29.79,62,94,1.91,ID,1739160895
328,san clemente del tuyu,-36.3569,-56.7235,20.88,66,87,7.21,AR,1739160897
329,keflavik,64.0049,-22.5624,6.24,100,75,12.86,IS,1739160898
330,margaret river,-33.95,115.0667,22.85,64,21,4.31,AU,1739160899
331,pathein,16.7833,94.7333,30.96,39,24,2.33,MM,1739160900
332,susuman,62.7833,148.1667,-33.78,94,73,0.63,RU,1739160902
333,college,64.8569,-147.8028,-18.29,79,0,0.0,US,1739160903
334,sawakin,19.1059,37.3321,20.88,70,93,5.04,SD,1739160610
335,mount isa,-20.7333,139.5,32.87,52,75,5.14,AU,1739160906
336,brezina,33.0989,1.2608,8.53,59,0,1.3,DZ,1739160907
337,itaituba,-4.2761,-55.9836,22.56,100,100,0.91,BR,1739160908
338,wegscheid,48.6014,13.7873,0.37,81,97,1.62,DE,1739160909
339,pahrump,36.2083,-115.9839,9.58,22,99,0.45,US,1739160911
340,kilindoni,-7.9139,39.6668,27.19,80,56,1.8,TZ,1739160912
341,lata,40.1629,-8.3327,9.04,94,53,1.39,PT,1739160913
342,dudinka,69.4058,86.1778,-10.63,95,100,7.14,RU,1739160914
343,bereeda,11.8704,51.0579,22.36,83,8,2.89,SO,1739160916
344,constantia,44.1833,28.65,-4.61,71,17,5.9,RO,1739160704
345,turaiyur,11.1667,78.6167,25.8,64,63,3.14,IN,1739160918
346,patnongon,10.9132,121.9937,29.0,62,100,4.41,PH,1739160919
347,gyor,47.6833,17.6351,2.06,51,0,4.12,HU,1739160921
348,puerto real,36.5282,-6.1901,9.58,93,0,2.57,ES,1739160922
349,yerofey pavlovich,53.9667,121.9667,-17.6,82,87,1.73,RU,1739160923
350,zaozersk,69.4005,32.4476,-1.2,75,40,14.2,RU,1739160924
351,west island,-12.1568,96.8225,28.99,84,100,9.77,CC,1739160925
352,kourou,5.1552,-52.6478,23.82,88,96,2.23,GF,1739160927
353,tofol,5.3248,163.0078,28.88,79,75,3.09,FM,1739160928
354,port elizabeth,-33.918,25.5701,18.51,98,97,1.34,ZA,1739160929
355,acapulco de juarez,16.8634,-99.8901,26.9,78,20,3.09,MX,1739160930
356,lazaro cardenas,17.9583,-102.2,24.41,76,0,1.82,MX,1739160932
357,nova sintra,14.8667,-24.7167,21.59,74,79,9.38,CV,1739160933
358,el calafate,-50.3408,-72.2768,9.46,78,99,3.45,AR,1739160934
359,bethel,41.3712,-73.414,-1.91,80,75,0.0,US,1739160935
360,san jose de jachal,-30.2406,-68.7469,29.14,26,30,3.92,AR,1739160937
361,nagqu,31.5,92.0,-3.65,17,5,6.32,CN,1739160938
362,naraura,28.2,78.3833,19.02,30,6,2.3,IN,1739160939
363,puerto baquerizo moreno,-0.9,-89.6,25.23,79,37,1.95,EC,1739160940
364,portland,45.5234,-122.6762,5.05,84,100,1.54,US,1739160864
365,anadyr,64.75,177.4833,-2.72,86,100,7.0,RU,1739160943
366,emerald,-23.5333,148.1667,31.3,49,90,4.17,AU,1739160944
367,pagar alam,-4.0167,103.2667,25.83,73,98,1.77,ID,1739160945
368,libenge,3.65,18.6333,24.31,52,98,0.27,CD,1739160947
369,rongelap,11.1635,166.8941,26.57,76,18,6.29,MH,1739160948
370,martapura,-3.4167,114.85,29.05,79,20,6.69,ID,1739160949
371,vadso,70.0744,29.7487,0.09,69,0,13.38,NO,1739160950
372,kone,-21.0595,164.8658,24.77,96,100,1.17,NC,1739160952
373,arica,-18.475,-70.3042,24.13,73,75,1.54,CL,1739160953
374,kingston,17.997,-76.7936,23.42,83,73,1.79,JM,1739160702
375,traverse city,44.7631,-85.6206,-6.96,73,100,1.54,US,1739160928
376,kapuskasing,49.4169,-82.4331,-22.07,100,93,1.38,CA,1739160956
377,ushuaia,-54.8,-68.3,3.54,95,32,2.13,AR,1739160731
378,san luis de la loma,17.2706,-100.8939,24.94,70,3,2.71,MX,1739160959
379,vilyuchinsk,52.9306,158.4028,2.15,73,85,0.78,RU,1739160960
380,kolosovka,56.4678,73.611,-3.33,91,100,5.72,RU,1739160962
381,ruteng,-8.6136,120.4721,20.45,90,84,1.26,ID,1739160963
382,shache,38.4167,77.2406,2.64,36,24,1.72,CN,1739160964
383,liman,48.9884,37.8023,-6.24,66,100,2.3,UA,1739160965
384,cidreira,-30.1811,-50.2056,24.48,86,0,4.66,BR,1739160967
385,melekeok village,7.4957,134.6367,28.31,78,100,5.66,PW,1739160968
386,san gil,6.5557,-73.1331,18.87,95,98,0.73,CO,1739160969
387,urangan,-25.3,152.9,27.67,58,0,7.0,AU,1739160970
388,soroca,48.1558,28.2975,-5.06,75,0,1.8,MD,1739160971
389,tari,-11.1105,14.3559,18.1,88,100,0.87,AO,1739160973
390,hammerfest,70.6634,23.6821,0.25,80,75,9.77,NO,1739160974
391,liuhe,42.2401,125.7172,-7.18,61,80,2.86,CN,1739160975
392,masuguru,-11.3667,38.4167,23.02,88,99,1.13,TZ,1739160976
393,bardai,11.65,7.2333,18.66,19,32,4.18,NG,1739160978
394,kupang,-10.1667,123.5833,30.32,79,100,8.75,ID,1739160979
395,kani keli,-12.9536,45.1033,27.59,72,91,1.53,YT,1739160980
396,qaqortoq,60.7167,-46.0333,-5.39,85,100,3.87,GL,1739160981
397,yenangyaung,20.4667,94.8833,25.66,17,0,1.43,MM,1739160983
398,mabai,23.0128,104.4508,9.59,79,99,2.42,CN,1739160984
399,manggar,-2.8833,108.2667,30.19,63,100,5.95,ID,1739160985
400,silver springs,29.1044,-82.0206,17.28,90,1,2.55,US,1739160986
401,usakos,-22.0,15.6,27.19,53,57,1.91,NA,1739160988
402,nabire,-3.3667,135.4833,29.01,72,100,2.52,ID,1739160989
403,santa rosa,14.3122,121.1114,29.49,82,93,8.77,PH,1739160939
404,happy valley-goose bay,53.3168,-60.3315,-20.83,59,0,3.6,CA,1739160991
405,sarupathar,26.1984,93.8094,23.51,28,2,0.86,IN,1739160993
406,peniche,39.3558,-9.3811,12.47,96,47,3.42,PT,1739160994
407,pasni,25.2631,63.471,20.31,74,100,2.02,PK,1739160995
408,ramsey,45.0333,-93.0835,-9.63,78,0,4.63,US,1739160894
409,guiglo,6.5456,-7.4966,22.39,97,71,1.2,CI,1739160998
410,stanley,54.868,-1.6985,3.01,90,75,6.17,GB,1739160787
411,kodiak,57.79,-152.4072,3.73,93,100,11.83,US,1739161000
412,mejit,10.2753,170.8646,27.11,79,15,5.66,MH,1739161001
413,san juan,-31.5375,-68.5364,33.23,23,20,11.28,AR,1739160901
414,iwakuni,34.15,132.1833,8.71,37,75,7.2,JP,1739161004
415,zaragoza,41.6561,-0.8773,8.34,70,20,0.45,ES,1739161005
416,lihue,21.9789,-159.3672,23.77,69,0,1.54,US,1739161006
417,coahuayana de hidalgo,18.7,-103.6583,22.28,81,0,1.69,MX,1739161008
418,yaren,-0.5472,166.916,27.13,69,69,4.97,NR,1739161009
419,mahina,-17.5065,-149.489,28.87,70,0,3.6,PF,1739161010
420,tosontsengel,48.7567,98.2839,-14.15,90,100,1.98,MN,1739161011
421,guantanamo,20.1444,-75.2092,19.81,83,0,2.68,CU,1739161012
422,kiunga,-6.1219,141.2906,31.01,61,100,1.17,PG,1739161014
423,okakarara,-20.5833,17.4333,24.36,44,88,2.4,NA,1739161015
424,huarmey,-10.0681,-78.1522,23.44,77,100,1.44,PE,1739161016
425,melfi,40.9965,15.6514,1.85,76,71,0.55,IT,1739161018
426,shanwei,22.782,115.3475,15.52,45,20,3.34,CN,1739161019
427,malvan,16.0667,73.4667,27.7,49,13,2.77,IN,1739161020
428,libertad,8.9442,125.5019,24.08,97,100,1.32,PH,1739161022
429,roswell,34.0232,-84.3616,14.38,76,100,4.12,US,1739161023
430,altai,46.3722,96.2583,-17.24,79,100,4.6,MN,1739161024
431,yung shue wan,22.2333,114.1167,19.07,49,33,0.89,HK,1739161025
432,akureyri,65.6835,-18.0878,7.96,57,75,12.86,IS,1739161027
433,antonio enes,-16.2325,39.9086,25.53,84,42,2.95,MZ,1739161028
434,hadibu,12.65,54.0333,23.88,75,43,3.28,YE,1739161029
435,cockburn town,21.4612,-71.1419,25.39,70,13,7.81,TC,1739161030
436,mahibadhoo,3.7833,72.9667,27.06,69,28,6.81,MV,1739161032
437,wendouree,-37.55,143.8333,24.7,54,63,1.79,AU,1739161033
438,crane,31.3974,-102.3501,8.77,61,36,6.53,US,1739161034
439,zhanibek,49.4167,46.85,-7.93,89,37,3.18,KZ,1739161035
440,eydhafushi,5.1033,73.0708,27.38,70,55,8.03,MV,1739161036
441,argo,37.6333,22.7333,2.94,72,0,1.75,GR,1739161038
442,tabas,33.5959,56.9244,0.72,49,4,2.86,IR,1739161039
443,shalya,57.2471,58.7298,-10.02,100,99,2.03,RU,1739161040
444,udachny,66.4167,112.4,-24.08,98,86,2.92,RU,1739161042
445,olonkinbyen,70.9221,-8.7187,-1.03,98,100,12.09,SJ,1739161043
446,bamboo flat,11.7,92.7167,29.05,74,40,3.6,IN,1739161044
447,alzamay,55.5562,98.6644,-8.04,79,100,5.62,RU,1739161045
448,sake,-1.5736,29.045,17.41,80,18,0.07,CD,1739161047
449,adamstown,-25.066,-130.1015,25.56,72,100,2.31,PN,1739161048
450,rabo de peixe,37.8,-25.5833,14.73,82,20,8.75,PT,1739161049
451,saipan,15.1355,145.701,30.39,76,100,8.23,MP,1739161050
452,tangalle,6.024,80.7911,27.21,56,74,4.97,LK,1739161052
453,kamaishi,39.2667,141.8833,1.65,52,95,6.68,JP,1739161053
454,cill airne,52.05,-9.5167,4.38,97,100,2.4,IE,1739161054
455,khalis,33.82,44.5264,7.19,67,0,2.63,IQ,1739161055
456,mossel bay,-34.1831,22.146,19.52,63,82,2.96,ZA,1739161057
457,misratah,32.3754,15.0925,13.41,77,12,4.08,LY,1739161058
458,touros,-5.1989,-35.4608,26.44,72,100,5.57,BR,1739161059
459,ola,59.5833,151.2833,-18.82,72,3,5.35,RU,1739161060
460,tiksi,71.6872,128.8694,-26.78,97,57,3.11,RU,1739161062
461,bredasdorp,-34.5322,20.0403,17.07,61,82,3.15,ZA,1739161063
462,jamaame,0.0697,42.745,24.17,81,51,3.83,SO,1739161064
463,zabol,32.25,67.25,3.45,86,94,1.49,AF,1739161065
464,namibe,-15.1961,12.1522,23.07,84,100,2.02,AO,1739161067
465,phalaborwa,-23.943,31.1411,22.21,79,100,6.43,ZA,1739160835
466,nuuk,64.1835,-51.7216,-7.66,93,100,1.54,GL,1739161069
467,kavieng,-2.5744,150.7967,30.02,61,85,4.36,PG,1739161070
